feature,importance_gain,importance_split
home_rolling10_aerials_total,905.9016411304474,28
home_std_throw_ins_total,468.54685974121094,61
home_opp_rolling5_aerials_total,461.73461735248566,26
capacity,454.12230026721954,59
away_opp_rolling10_aerials_total,435.0082640647888,15
temperature_2m,383.7340809106827,67
home_opp_rolling10_aerials_total,366.8897339105606,25
wind_speed_10m,364.89846873283386,79
home_opp_rolling10_throw_ins_total,357.7859306335449,42
away_rolling10_aerials_total,348.00837659835815,19
home_std_aerials_total,333.737731218338,35
home_opp_ewma_alpha03_aerials_total,319.56987977027893,12
home_opp_std_aerials_total,314.52129006385803,39
home_opp_std_throw_ins_total,313.4279291629791,56
home_rolling5_possession_pct,275.66812014579773,23
home_rolling10_throw_ins_total,232.4494707584381,25
away_rolling5_aerials_total,228.3270627260208,15
home_ewma_alpha03_aerials_total,223.92967426776886,18
matchday_number,186.48292076587677,48
away_opp_std_aerials_total,183.32745265960693,12
away_std_aerials_total,171.39115142822266,16
ref_rolling5_throw_ins,165.7975890636444,37
home_ewma_alpha05_fouls_committed,165.30265069007874,41
ref_ewma_throw_ins,159.758970618248,39
ref_matches_count,157.54143011569977,36
home_rolling5_passes_total,150.24856042861938,23
home_std_corners_total,143.28765106201172,28
away_opp_std_throw_ins_total,142.96161007881165,16
home_opp_rolling10_passes_total,140.73230957984924,19
home_std_possession_pct,139.28007006645203,26
home_ewma_alpha05_possession_pct,137.76448094844818,23
home_std_fouls_committed,136.52412128448486,16
home_std_passes_total,135.24799871444702,17
home_ewma_alpha05_throw_ins_total,128.0021800994873,27
home_opp_std_corners_total,126.05253720283508,34
home_opp_rolling5_passes_total,124.8149802684784,19
home_opp_ewma_alpha05_aerials_total,123.95417022705078,27
home_opp_ewma_alpha05_corners_total,122.02842998504639,30
away_opp_std_passes_total,121.790860414505,10
home_ewma_alpha03_fouls_committed,118.38867044448853,24
home_opp_ewma_alpha05_passes_total,113.24721002578735,19
away_opp_std_fouls_committed,110.15854001045227,15
home_rolling10_passes_total,107.84536957740784,19
home_opp_ewma_alpha05_fouls_committed,104.32555973529816,26
away_std_throw_ins_total,103.40931153297424,16
home_ewma_alpha05_corners_total,98.81450963020325,25
away_rolling10_throw_ins_total,98.79998970031738,16
home_ewma_alpha03_throw_ins_total,98.31558012962341,17
away_opp_rolling5_passes_total,95.44382119178772,15
home_opp_rolling3_possession_pct,94.65111947059631,15
home_opp_rolling5_fouls_committed,94.60063004493713,22
home_ewma_alpha05_passes_total,92.4864113330841,14
away_opp_ewma_alpha03_aerials_total,91.92435789108276,5
home_opp_ewma_alpha03_corners_total,91.25718080997467,21
home_rolling10_fouls_committed,89.38372945785522,14
referee_id,87.24843955039978,28
home_opp_std_possession_pct,85.96623980998993,23
home_ewma_alpha05_aerials_total,85.05287039279938,23
away_opp_rolling5_possession_pct,84.8439998626709,3
home_rolling3_passes_total,83.4966402053833,16
home_opp_rolling5_throw_ins_total,83.30852031707764,16
home_rolling10_corners_total,81.38520038127899,22
home_rolling3_possession_pct,80.22016978263855,16
home_opp_rolling3_throw_ins_total,78.82470035552979,16
home_opp_ewma_alpha03_throw_ins_total,77.6098598241806,14
home_opp_ewma_alpha05_throw_ins_total,74.38452136516571,18
home_rolling3_aerials_total,73.31016051769257,20
home_rolling5_aerials_total,72.95076036453247,15
home_rolling5_fouls_committed,72.35695970058441,20
home_opp_rolling10_touches_total,71.34625935554504,10
home_opp_rolling5_possession_pct,70.81885981559753,15
home_opp_ewma_alpha03_passes_total,68.77051019668579,5
away_opp_ewma_alpha05_fouls_committed,66.5841588973999,13
home_ewma_alpha03_corners_total,66.29599034786224,16
away_ewma_alpha05_aerials_total,64.94010019302368,12
home_opp_rolling3_aerials_total,62.99003005027771,18
ref_rolling10_throw_ins,62.9222092628479,16
home_opp_rolling10_fouls_committed,61.864689111709595,16
relative_humidity_2m,61.61920988559723,19
away_ewma_alpha05_corners_total,59.165900468826294,11
home_opp_ewma_alpha05_possession_pct,58.49447059631348,11
away_opp_ewma_alpha03_throw_ins_total,55.944419264793396,10
away_opp_ewma_alpha05_passes_total,54.89739990234375,10
home_opp_ewma_alpha03_fouls_committed,54.45816993713379,13
away_std_corners_total,53.12540030479431,10
pitch_length_m,52.03461980819702,12
away_opp_rolling3_passes_total,51.98361039161682,8
away_opp_rolling10_fouls_committed,51.26268994808197,12
home_rolling3_throw_ins_total,50.926209926605225,14
home_opp_std_fouls_committed,50.59136986732483,17
home_rolling5_throw_ins_total,50.17923951148987,11
away_opp_rolling3_aerials_total,49.90478992462158,10
home_rolling5_corners_total,48.38106989860535,12
weather_code,47.97235035896301,12
home_opp_std_passes_total,47.78526985645294,7
away_rolling3_possession_pct,47.005930066108704,10
home_std_touches_total,46.150320529937744,13
home_rolling3_corners_total,45.69206976890564,14
away_opp_ewma_alpha05_throw_ins_total,45.3471896648407,10
home_rolling3_touches_total,45.12704038619995,13
away_opp_std_possession_pct,44.84182929992676,9
away_opp_rolling10_throw_ins_total,42.93272018432617,10
away_rolling10_touches_total,41.12074065208435,7
away_ewma_alpha03_throw_ins_total,40.736950159072876,7
away_opp_ewma_alpha05_possession_pct,38.85998046398163,9
away_opp_ewma_alpha03_corners_total,38.85545992851257,11
home_ewma_alpha03_touches_total,38.51964974403381,9
away_opp_rolling10_corners_total,38.48717951774597,10
home_opp_rolling10_corners_total,37.531800270080566,11
home_ewma_alpha05_touches_total,36.04486012458801,11
home_rolling3_fouls_committed,35.8929500579834,8
away_opp_rolling3_corners_total,34.12985002994537,9
home_ewma_alpha03_passes_total,33.4790894985199,8
home_opp_rolling3_touches_total,33.303149461746216,8
away_ewma_alpha03_corners_total,31.769850492477417,7
away_opp_std_corners_total,31.760080337524414,10
home_opp_ewma_alpha03_touches_total,29.90310025215149,8
home_opp_std_touches_total,29.741819620132446,9
away_std_touches_total,29.61806035041809,4
home_opp_ewma_alpha05_touches_total,29.21092975139618,9
away_opp_std_touches_total,27.993330001831055,6
away_opp_rolling5_fouls_committed,26.981160521507263,7
away_opp_rolling3_touches_total,26.80879020690918,7
away_rolling3_corners_total,26.748830318450928,6
home_opp_rolling10_possession_pct,26.724640130996704,7
home_opp_rolling3_corners_total,25.53604030609131,7
away_opp_rolling5_aerials_total,25.106139659881592,6
away_ewma_alpha05_fouls_committed,25.013780117034912,7
home_opp_rolling5_corners_total,24.441489219665527,6
home_rolling10_touches_total,24.083319902420044,5
away_opp_ewma_alpha05_corners_total,23.90731978416443,6
away_ewma_alpha05_throw_ins_total,23.75471019744873,7
away_rolling3_throw_ins_total,23.025670051574707,6
away_opp_ewma_alpha03_passes_total,22.605039834976196,5
away_std_possession_pct,22.56591010093689,6
away_ewma_alpha05_passes_total,21.810590505599976,4
away_opp_ewma_alpha03_fouls_committed,21.605390310287476,4
away_opp_ewma_alpha05_touches_total,21.588709831237793,4
away_ewma_alpha05_touches_total,21.273109674453735,5
home_opp_rolling3_passes_total,20.657790184020996,5
away_rolling10_fouls_committed,20.36511993408203,5
away_rolling5_possession_pct,19.220150470733643,4
home_ewma_alpha03_possession_pct,19.180200338363647,6
away_rolling5_passes_total,18.930189847946167,3
away_ewma_alpha03_aerials_total,18.79885983467102,6
home_opp_rolling3_fouls_committed,18.74686026573181,7
away_ewma_alpha05_possession_pct,18.118810176849365,4
away_rolling3_fouls_committed,17.913530111312866,6
away_std_fouls_committed,17.88506007194519,6
away_rolling3_passes_total,17.88489007949829,7
away_opp_rolling10_passes_total,17.70777988433838,5
away_rolling5_throw_ins_total,17.477630138397217,4
away_opp_ewma_alpha05_aerials_total,17.433939933776855,5
away_opp_rolling5_throw_ins_total,17.257660150527954,4
home_days_since_last_match,16.653949975967407,6
away_ewma_alpha03_fouls_committed,16.281579971313477,5
home_rolling10_possession_pct,15.96783971786499,4
home_rolling5_touches_total,15.74321985244751,5
away_rolling10_passes_total,15.588800430297852,2
away_ewma_alpha03_possession_pct,15.549320459365845,4
away_opp_rolling3_possession_pct,15.032020092010498,2
away_std_passes_total,14.372509956359863,3
away_opp_rolling3_throw_ins_total,14.28341019153595,4
away_rolling5_fouls_committed,13.015729904174805,3
away_rolling5_corners_total,12.956130027770996,5
away_opp_rolling10_possession_pct,12.766440153121948,3
away_opp_ewma_alpha03_possession_pct,12.570639967918396,4
away_days_since_last_match,12.466359972953796,4
away_ewma_alpha03_passes_total,11.94107961654663,2
away_ewma_alpha03_touches_total,11.905799865722656,1
away_opp_rolling5_corners_total,10.68970012664795,4
home_opp_rolling5_touches_total,10.557829856872559,2
away_rolling10_corners_total,9.245579719543457,2
away_rolling5_touches_total,9.103809833526611,2
home_opp_ewma_alpha03_possession_pct,8.746430039405823,3
away_opp_ewma_alpha03_touches_total,8.143570184707642,2
away_opp_rolling10_touches_total,7.8817702531814575,3
away_rolling3_touches_total,7.554290056228638,2
away_opp_rolling3_fouls_committed,7.077660083770752,2
away_rolling3_aerials_total,5.147739887237549,1
away_opp_rolling5_touches_total,3.849560022354126,1
precipitation,0.0,0
pitch_width_m,0.0,0
away_rolling10_possession_pct,0.0,0
